{
  "model": "metadata_only",
  "macro_f1": 0.2540857505003976,
  "accuracy": 0.2517758484609313
}